,receiver_capacity,receiver_distance,food_type,quantity,time_to_expiry,priority_score
0,61,3.4328709401976765,Fruits,30,14.650172548446498,0.4931846502895012
1,24,3.8861511767335926,Bread,48,21.601714696301975,0.4840858624433165
2,81,3.6377162803387924,Curry,18,14.415129909700044,0.26032822299059427
3,70,13.176620151261078,Bread,41,11.740263999163046,0.29384086641928187
4,30,4.4557216035837515,Curry,25,8.828527165032542,0.49450084169750774
5,92,7.567678383153401,Fruits,22,22.630315631931968,0.17847939802231122
6,96,18.038979788214224,Curry,9,2.9024556150601306,0.34096321377376515
7,84,10.005271164994575,Vegetables,7,22.410409557398594,0.1388067924554589
8,84,13.683597031899517,Rice,27,20.01443717841342,0.1617001745802234
9,97,4.274077552830967,Rice,30,3.98838826432113,0.43352014319489046
10,33,4.653491357364745,Fruits,41,13.994640226530832,0.4136293132277148
11,12,1.7765037090630984,Vegetables,28,20.930603580228997,0.6666061139384913
12,31,4.209766198371126,Bread,23,14.151610762964536,0.3742514002256458
13,62,6.293216441607214,Vegetables,29,21.865595895894312,0.1842247326448399
14,11,4.3631992012581895,Rice,25,22.688627786768976,0.6353806579684035
15,97,2.6853481413840568,Rice,16,10.714844010239036,0.44331984532642915
16,39,3.2920815509114156,Vegetables,45,9.678214212345443,0.5490222708831316
17,47,9.75479659262179,Vegetables,37,22.535386541290606,0.2432957650397371
18,11,4.920340649710058,Rice,8,16.528221406442366,0.43385668645293
19,73,7.9211273599134335,Bread,46,3.668521671007894,0.6090791029280762
20,69,10.56492814624228,Fruits,11,1.9727102321216674,0.4211463723569791
21,30,14.117501743957941,Fruits,26,13.986468172937052,0.41647357691149667
22,42,1.7469306569808798,Vegetables,37,22.393932205083765,0.5014290678374513
23,85,16.18879757927181,Fruits,21,20.41772015533382,0.058471276722653856
24,67,12.930107400327248,Rice,28,16.544498168679738,0.21315565028792682
25,31,2.5534216070285662,Rice,38,4.199664524495013,0.8428203659656396
26,98,17.59799385802877,Vegetables,32,6.847321826219998,0.3588621501044211
27,58,18.49657561010445,Vegetables,47,21.13675821071017,0.08496771834171615
28,68,2.1604812372424114,Vegetables,45,5.20456644310871,0.6247060126436429
29,51,6.26067531479687,Bread,43,7.404106389759995,0.56534782394753
30,69,16.317824316068165,Fruits,26,3.980814977495165,0.4338539962454452
31,89,15.216934117289508,Vegetables,21,16.550489322531455,0.23340422389723597
32,24,4.505899367771169,Curry,38,22.71159302335382,0.47382372689604496
33,71,4.977637143397496,Curry,10,7.186264726693877,0.3710104759415029
34,71,8.038969953036258,Rice,10,11.934351980551696,0.2530511169142764
35,56,10.205936718629406,Fruits,38,15.589814013357698,0.32274897575310163
36,71,12.746840659075623,Vegetables,5,23.987723708959507,0.05455838283505752
37,60,8.009359151825675,Curry,14,3.4105854949441587,0.44246898973033283
38,64,9.78815960652981,Fruits,25,12.467128388631311,0.31596305359992655
39,73,15.201947824541374,Rice,9,9.857762757757502,0.24924659918628128
40,12,1.69698085492136,Bread,6,20.913863800114168,0.4246626846863114
41,60,5.796301942536394,Fruits,26,11.947257813268086,0.3865168179094045
42,16,14.553642131806496,Fruits,6,3.5524830654584063,0.37647605963034986
43,30,18.008929916056786,Bread,14,15.591755341591425,0.23622383155366605
44,82,10.721871400197656,Fruits,38,18.727954220069236,0.22251127025442968
45,48,11.110156220040997,Rice,20,1.0662687883091357,0.47484963086068155
46,27,3.036268215455745,Rice,43,20.756003764674478,0.5361943883545691
47,13,9.500834969645638,Bread,26,5.27852900013031,0.7507819525282736
48,98,11.11972806264544,Vegetables,16,13.697595387027691,0.24878553395887842
49,69,5.606939569059864,Curry,28,10.563342515811353,0.3564084123886342
50,23,6.115621388038238,Vegetables,44,17.5520377820422,0.45582006410901993
51,18,8.16839909898783,Fruits,42,9.536717140072062,0.654173168696428
52,99,1.381352757776801,Curry,14,21.00455306367935,0.3972586388194828
53,62,7.119504146080388,Bread,39,17.801416302052175,0.2986454717845282
54,11,5.017512132934348,Bread,36,15.897402934447195,0.8912426330961563
55,93,7.222449691380378,Curry,11,19.313533697945648,0.16387019884323065
56,69,3.275480504565773,Rice,25,18.342529803352793,0.29960279556576525
57,80,17.920018334058003,Curry,24,1.8265895231957268,0.500329415695277
58,53,12.278256617526925,Fruits,30,10.078890138431047,0.4000349284473525
59,17,13.902944063745302,Rice,8,22.408567838279264,0.20145786858949194
60,56,15.994253533539428,Bread,26,3.891658186821203,0.46157824721791524
61,44,10.470401779652088,Curry,19,17.95322065993718,0.21032713249734655
62,87,2.65148547366105,Vegetables,44,23.41561166071258,0.27145820543842525
63,90,11.205024294552407,Vegetables,25,2.200568468034348,0.4127687918980633
64,45,12.149981242396704,Fruits,19,16.69045925441204,0.22019963861751402
65,59,15.16335000950227,Vegetables,26,11.7675452499237,0.3272677995249378
66,13,9.201531378363908,Curry,32,14.321030873618609,0.7053107859452903
67,11,3.4240257531157114,Curry,18,2.9628507391394714,0.7893924888705668
68,15,6.391742210175765,Vegetables,31,1.989159892939608,0.7733521796068275
69,63,7.898563631574067,Curry,45,16.3379331926712,0.3530208527147814
70,13,13.272427585300424,Fruits,44,19.936116885876512,0.816503549273911
71,63,11.844787788709326,Rice,32,18.986352703458248,0.3011027426460782
72,72,7.765837792059079,Fruits,30,13.50753174092346,0.3318042470714969
73,27,19.743789727066613,Fruits,6,3.296936886132098,0.40982812310205324
74,99,12.509721567780856,Curry,29,16.82502220822832,0.15949247842840394
75,53,5.507309042983895,Rice,7,6.563444321745357,0.46425600160429775
76,43,2.933866979787671,Curry,12,21.954580163649823,0.23863476586923377
77,83,3.9043236445023086,Bread,48,20.280103269551212,0.28978011130340386
78,71,5.673196839305654,Curry,37,17.31580824300999,0.27343272236900557
79,23,4.052946091931558,Curry,46,22.823456984116,0.5024042113171492
80,57,4.544773456974809,Curry,39,1.7227018947592774,0.6305569315687403
81,24,6.416808205183095,Rice,10,17.932609776397527,0.19572075992069343
82,81,4.294098310600342,Curry,43,8.595583924737323,0.5373358047770999
83,87,18.03854306790208,Rice,27,21.8395153707864,0.19062810540859948
84,96,2.5244411675712017,Vegetables,29,7.1335295232254845,0.48227234050658124
85,71,10.96571640183484,Bread,47,17.67169948424539,0.23115013807057738
86,49,8.79753971280357,Rice,23,21.185881451967973,0.08548648450663814
87,94,19.66519372126352,Vegetables,9,1.9581068228016958,0.3442836352964785
88,89,3.1287391411929946,Rice,15,10.14589433061683,0.4289522287808794
89,91,8.55925638186909,Rice,16,18.53310773650459,0.18877983088888406
90,62,19.41993823223201,Bread,14,11.463134458674503,0.29938911547067054
91,33,17.444635391985624,Fruits,12,7.146810485252693,0.2842644681900594
92,35,16.524369348036316,Fruits,28,6.055523022933371,0.4634905079562037
93,98,5.9001537138538565,Rice,32,4.024920139076692,0.5343826043423038
94,69,4.246864160411251,Curry,45,20.71397987669449,0.27458755693201037
95,50,13.70422117856419,Vegetables,40,14.233174274785787,0.2883537790203881
96,38,18.65814379342413,Curry,41,2.756853734803488,0.585700154703725
97,24,11.578494967264666,Curry,25,9.799347442124615,0.4410068093702832
98,54,11.860641099928097,Rice,12,9.457873968517527,0.3372221544232635
99,74,6.3196027795453995,Rice,13,5.180001386317649,0.413124165064203
100,98,15.620365730646801,Rice,19,11.016675385860387,0.3079366820167354
101,80,4.553831222592944,Rice,44,8.638285404042138,0.39297052110450287
102,18,7.14990549168063,Fruits,22,8.861485226320198,0.5302619909919032
103,97,9.083292333711919,Rice,46,17.99761082912305,0.2934437934272289
104,10,10.644597195004646,Fruits,24,6.1350578666195155,0.7476127816842574
105,17,5.605784915886525,Fruits,10,15.762779053673174,0.2761333341748229
106,97,3.181899670044867,Rice,16,14.124941349261501,0.33324993324716756
107,72,12.60178080639102,Bread,6,14.066127783770948,0.22830924114949522
108,20,6.48398051156486,Vegetables,11,16.249168961260846,0.27642852521393907
109,90,12.043526207029633,Curry,20,13.61278683250004,0.2368558839373547
110,17,3.932891590209844,Fruits,7,21.222867641466845,0.2570060962093938
111,44,10.141661935241531,Vegetables,49,16.538342114855975,0.42901125494121495
112,44,11.119199218480132,Bread,7,13.580154781541927,0.1879949991219812
113,42,1.9846471996261112,Curry,31,20.08455176661583,0.432639650837687
114,14,7.395481285684491,Curry,47,14.941370993470034,0.9520936031687783
115,50,3.5538788618405106,Fruits,44,7.696317699059117,0.554486511947405
116,37,2.2041244389825874,Rice,42,5.763183118061138,0.6584599742971741
117,16,19.80924441540896,Bread,37,4.5035390702416125,0.751329012543847
118,82,7.124723054519737,Fruits,32,21.687469888560337,0.16469661005789674
119,81,16.387614471238063,Bread,5,17.333114931355514,0.19966147310588492
120,21,5.838172440511514,Rice,12,22.559704077779376,0.20476744535296848
121,43,13.948551722254656,Rice,41,14.87571153144369,0.38090756021880756
122,42,15.444329337904044,Fruits,36,11.888220274382988,0.3493739563496318
123,57,12.317136071549042,Rice,47,2.3734792463304544,0.6069852565927777
124,32,9.959947582453008,Vegetables,41,16.447772475558686,0.3649983841114819
125,71,8.824977368798102,Curry,8,14.390801474669317,0.20278959108199848
126,97,7.62849706431691,Fruits,34,23.774804552515292,0.15778706141526874
127,46,18.66105374070869,Bread,10,6.50065188899159,0.25459750458024843
128,53,16.781768747966854,Vegetables,23,13.206959171597225,0.2992099139425645
129,95,19.33551130266374,Fruits,36,15.972018707715671,0.178322808240464
130,44,3.36164724622535,Rice,13,15.825597019073903,0.3151477130489811
131,74,14.88648202886924,Rice,16,13.909751487813264,0.2206812867022275
132,56,18.82846867959972,Rice,15,18.869344237526185,0.26561852470583025
133,87,4.443428257147543,Rice,20,5.714567819116778,0.4210987375477668
134,12,2.2634290799687724,Bread,5,17.689425606311566,0.45736515190163834
135,10,15.081292336511122,Vegetables,49,15.253895142961051,1.181638954801666
136,14,11.914989150418325,Curry,25,21.609727571275187,0.39047894181694337
137,99,16.994746758407167,Bread,34,20.48547209777238,0.16733956492182217
138,23,3.6556751558995004,Bread,17,8.248381900048726,0.504551480468927
139,36,16.110078925337916,Curry,38,7.353458474428521,0.5254905213381023
140,18,4.830919080907146,Curry,8,23.578026448606302,0.14302721136134294
141,88,4.109462914448386,Rice,32,13.1270991610509,0.4357874890416484
142,24,4.121050160688866,Bread,42,21.847682170032048,0.5292045063904015
143,99,16.476919684396258,Fruits,35,4.76926354695109,0.41708480554858735
144,51,13.638747193227802,Curry,31,15.784835040404008,0.3742719887814672
145,86,10.938243070613268,Curry,9,19.626784309293484,0.13410006709544303
146,60,7.817779198346547,Vegetables,29,22.790090740488278,0.2228784948438451
147,72,17.66681027544906,Fruits,7,8.75882324339154,0.29802041181788563
148,61,8.456457041030072,Fruits,37,17.674566908253208,0.29373087310663926
149,13,16.515389349959964,Curry,8,13.392699207911239,0.3200131652608324
150,32,9.34356326283415,Rice,29,2.3944652995287683,0.588917532822934
151,24,8.161944159073244,Vegetables,24,16.869993958105695,0.37636795851976756
152,52,9.790915927722523,Fruits,38,16.8722208394704,0.27231777004208146
153,38,6.7261796091187,Curry,30,22.40395651147035,0.22391115093387365
154,45,15.204578223348772,Fruits,9,12.438186261886365,0.24816701038431177
155,22,10.551687411757104,Vegetables,39,6.295771176341837,0.6990101144561067
156,41,5.412041207789529,Vegetables,32,2.0249679393196205,0.5947284115961203
157,80,18.0919168922168,Bread,33,10.55977029377583,0.38726477623473704
158,68,8.293933206091017,Curry,13,7.944084101782542,0.3964178311985832
159,95,11.327504361165783,Vegetables,42,18.505031038549138,0.2054997703510524
160,37,18.222970108326393,Bread,10,9.148158591344071,0.39262425768649895
161,75,12.86052192236585,Bread,23,22.82863751524141,0.2056100093473774
162,51,3.2210627734589172,Fruits,48,23.133134668719038,0.22467435042461537
163,54,18.856810348656026,Fruits,15,15.280897575007286,0.2687009288113457
164,71,12.926453008356939,Bread,6,22.359186601342305,0.04054338548074996
165,66,7.363206678484636,Fruits,48,18.4996499238334,0.3314886053842634
166,15,3.646169380604358,Vegetables,48,13.577771742427903,0.9853198752804053
167,37,16.086478596135624,Rice,13,5.1470825147238966,0.36550153556032977
168,37,12.781382362641757,Vegetables,25,11.54775270081832,0.2813517545950507
169,53,11.135760747550108,Bread,28,13.900112657340205,0.3516838494435202
170,93,17.983959077968194,Bread,38,20.871116356905233,0.16288065844359298
171,39,15.983347013266084,Vegetables,26,12.070667660320293,0.2737596487017424
172,71,3.881822714922272,Fruits,7,21.646517471593004,0.2884656200931844
173,84,6.922719288115417,Fruits,16,16.510026517539785,0.25192986272096585
174,98,5.721293656474849,Bread,32,4.150978450234442,0.4995424081461376
175,71,15.134979558880863,Curry,34,23.88457149447714,0.192418187035299
176,10,1.6371162599798081,Fruits,30,13.12635119733999,0.9965183495729337
177,36,11.827904012555013,Vegetables,25,10.012740817408813,0.41235091415826036
178,71,15.486715029073121,Fruits,32,16.15961658279911,0.18067639549969472
179,86,17.65854709847324,Vegetables,30,3.5045462215638987,0.40361283601918585
180,12,7.4995532256022415,Bread,37,15.640388875327151,0.8286130293529954
181,79,16.603888788768245,Fruits,25,12.45942801148328,0.1964605142985195
182,81,3.1020030021489373,Vegetables,39,10.353503609967412,0.4208723658340431
183,36,17.082593542955845,Bread,38,22.91946048711468,0.2061390531520094
184,18,3.4222845843076657,Curry,45,13.018413484837225,0.8070120411978358
185,71,8.548458520646978,Vegetables,22,6.039702027808584,0.43683725547673113
186,46,16.148611949811517,Curry,15,11.556160025677869,0.33449229519677925
187,60,3.848431119626702,Curry,27,22.14591030517147,0.2747807861159108
188,53,5.355776509420188,Rice,26,5.050195840603678,0.5572348345750562
189,33,14.72279879946826,Fruits,21,5.921011889829448,0.4861202157508086
190,88,14.680694194375413,Vegetables,9,1.2996800584129262,0.5204066740430899
191,68,13.18180502482065,Curry,48,1.3263711361026451,0.5553902689236858
192,41,14.185020444874901,Rice,15,20.076007420045787,0.15810331123535154
193,97,11.311764423604327,Bread,34,17.838819957387983,0.23851621033404108
194,61,5.784182119232103,Vegetables,19,9.16594429839504,0.36786290069688077
195,71,7.56822387657447,Curry,31,17.06115661623417,0.3484521289673256
196,67,4.450356619227088,Fruits,39,10.089736305129314,0.4946852498597476
197,61,18.26056066533894,Rice,37,22.916626307950033,0.1987867432714381
198,21,12.084444100556288,Curry,24,23.242211672798803,0.28087260672929093
199,48,8.616176918509158,Fruits,20,10.034256843614898,0.3421461627777468
200,11,9.778110269238521,Curry,38,20.647103845839965,0.8227646435574046
201,12,18.99838345262449,Vegetables,6,18.78104795904172,0.1516820843432083
202,65,3.9136766592055237,Vegetables,39,8.129998554951154,0.5634238847794668
203,90,12.138366808319148,Vegetables,44,6.336916064725437,0.4162340371318889
204,68,10.611884898804854,Rice,32,11.539396959035178,0.3547432874420076
205,11,12.617630473258309,Vegetables,43,18.971023334131342,0.8518560791456427
206,11,1.3440934925959698,Fruits,10,23.083859048761145,0.5308348566302775
207,63,17.57035426993888,Curry,13,18.56231858393117,0.1319764037410451
208,96,18.710247367188636,Bread,24,20.66976065542251,0.15934408768407465
209,10,11.73753048819497,Fruits,5,14.87047904192188,0.32410707480566703
210,28,14.236365653660952,Fruits,12,20.214380109368896,0.14452340347716938
211,11,18.52748824236862,Vegetables,27,19.041679734078606,0.538960848741295
212,62,14.437534051954573,Rice,7,9.670667464304442,0.36570341227670405
213,53,3.8982418153709655,Curry,8,13.695776948776585,0.29492113941281317
214,99,11.94947884316945,Rice,29,19.50932180576298,0.17814719916720262
215,41,12.527585881274263,Curry,42,2.0593048863689964,0.6267590625563091
216,79,9.058482754745334,Curry,19,19.585823494184087,0.10314337303025072
217,41,14.992440476869733,Rice,25,5.091426853127539,0.48690752472961607
218,77,18.752973280611283,Fruits,39,12.837723193793096,0.3136229258136383
219,64,18.58580174522875,Curry,18,19.590335109786565,0.11908968490166116
220,84,9.56594805667851,Rice,40,6.837884797603982,0.36526153703509845
221,65,3.15152287097435,Curry,16,6.653571104041519,0.4955549609275041
222,26,19.711982780284355,Bread,21,10.263581164631793,0.4671566013897972
223,47,16.939063642472746,Fruits,43,21.576784344285596,0.25590923302021146
224,33,3.36859094286207,Vegetables,13,1.0101839730557813,0.508972223152268
225,78,18.495995769730072,Curry,39,21.731811222764502,0.1065628079525863
226,79,17.528030879180438,Bread,17,4.537561566756979,0.3686263527509425
227,95,10.85792308539537,Vegetables,19,23.771986649552087,0.15887066742996547
228,20,12.234233279153656,Vegetables,22,22.961480839884768,0.2576662620276648
229,25,8.581051373532475,Curry,37,12.377529360599516,0.5128937324564339
230,82,2.0404711376185953,Rice,10,12.792565699690448,0.32353973314192264
231,68,7.368747591272117,Curry,31,12.075634826344649,0.31136495931252006
232,79,16.25421552336222,Bread,27,15.61520385016902,0.17106321580403067
233,89,1.0880084370874543,Vegetables,31,3.086599151403414,0.7357048184739434
234,12,7.336484262131739,Curry,38,1.7502128118560296,1.0646826817610617
235,29,8.565205178227924,Rice,42,2.327167353565674,0.6775114137780027
236,68,11.210516455820535,Curry,18,11.220403032554831,0.3865899644508556
237,45,18.47725671184245,Fruits,40,7.337602602048118,0.5310328049584201
238,28,7.580573892953264,Rice,12,15.306909934532857,0.25292137677119675
239,99,7.5921108360283265,Bread,39,23.826172655619917,0.0885303789258266
240,76,15.01252371408522,Vegetables,23,9.885432980758717,0.3915456170861174
241,28,9.592140876906337,Curry,34,14.198348844403807,0.5309209253165328
242,29,5.267491635859657,Rice,18,10.558889605868716,0.31438149769026125
243,80,9.596350806521174,Fruits,24,20.487248357602766,0.16487125310812886
244,61,3.6762833872161975,Rice,29,21.751437279631475,0.22876963739193398
245,42,4.351352743618243,Fruits,44,21.17917908072098,0.38091893494065693
246,49,10.468987682050114,Bread,28,23.410561489622925,0.25945118341583906
247,48,8.959583540586411,Vegetables,18,1.6329412582295517,0.46822639362885016
248,91,18.382072120293902,Bread,30,20.31577172934721,0.04606327713686316
249,10,7.88548408321603,Curry,42,18.290759979899146,1.014830503838029
250,20,12.031178655282826,Rice,27,6.25997141620839,0.6684122968929276
251,66,13.013021470471077,Fruits,26,22.995362147913134,0.1110822954741754
252,98,1.2487946751783392,Fruits,23,4.408092349288745,0.6585275566583284
253,59,13.607210068317501,Rice,7,16.629648324079895,0.15410121814881536
254,32,4.382683370525277,Rice,46,6.172474986765987,0.7184039714015651
255,40,19.260336031919646,Curry,23,10.921754921803718,0.33101577387898556
256,51,3.8245918273091464,Bread,13,17.540677629725085,0.2796601040070292
257,16,8.877858350813451,Fruits,32,13.956466766760073,0.613838277822547
258,25,2.6216436934942333,Curry,24,10.832542120546568,0.5602646857274576
259,99,19.940610785072998,Bread,49,8.505783911435707,0.4123510162310208
260,69,10.54170519629361,Curry,11,20.312172081302176,0.10736338696774184
261,11,12.312315329080832,Fruits,18,4.307730057240716,0.666435695227475
262,10,2.274453070380122,Rice,13,10.892366160185402,0.6942071621337024
263,57,15.249248937584378,Rice,23,21.78642415082827,0.09447921906054038
264,21,4.988206268816129,Bread,18,20.454539660579258,0.26669771339046183
265,78,18.06303149937356,Vegetables,42,10.221660536880075,0.29646026127708497
266,46,4.897653169158136,Bread,40,18.55149236283009,0.38884381911408217
267,41,4.623066692609665,Vegetables,44,19.93269910630376,0.36368330019517703
268,18,1.6944436891138026,Curry,21,21.444410752083485,0.4463114091625527
269,28,9.969271957089985,Curry,34,13.523632688132244,0.5002769838578768
270,57,11.731981531989712,Fruits,13,5.702600379258372,0.35688842452339387
271,89,2.248464149138695,Vegetables,37,6.872108759590428,0.5029262293285977
272,12,15.735024717205201,Fruits,29,7.800977502956897,0.7689541096483723
273,29,9.612487860212525,Rice,18,14.657457058621157,0.39539569682915165
274,33,10.96341511722402,Vegetables,15,1.754621354957994,0.4784022735421299
275,63,9.374492191826334,Bread,39,15.62897678193927,0.3347624985329265
276,42,8.614498156631193,Rice,45,9.380147483849337,0.5407372729842872
277,33,11.63316629485614,Rice,18,7.79056145726177,0.43579633090441483
278,84,3.949564672683538,Bread,34,21.228421126746905,0.2919759291222617
279,81,4.456634479410152,Rice,45,11.580055098358375,0.3725082195584425
280,45,17.37392679925683,Vegetables,8,3.186220047251934,0.35330815074342153
281,47,18.97619378053902,Fruits,8,20.01517566460368,0.06838700206708098
282,93,8.092877009315306,Rice,32,2.095748921039652,0.47609081537350306
283,98,6.144148789727522,Vegetables,12,17.715232155868524,0.14698618383402734
284,34,13.235991321541299,Curry,6,18.799843100725298,0.1595610751660197
285,27,8.765949250863832,Vegetables,45,9.109859936363739,0.6309828660052618
286,91,1.4823407575465524,Fruits,26,19.970120694389095,0.4450796651117153
287,75,3.966899349957617,Vegetables,45,12.860166334698429,0.42105553105577104
288,63,14.603472348100553,Bread,20,11.655754025274327,0.2758126494874955
289,44,13.519554896292876,Fruits,33,2.0442754737799285,0.5660579751938144
290,89,1.5148238575661863,Curry,34,7.670671453924836,0.5611073725615531
291,70,5.2174710767260395,Bread,16,22.413229330361894,0.14691892361418094
292,50,5.390421135173357,Vegetables,39,10.0119511555205,0.47930991397971995
293,42,13.76596212837584,Fruits,15,13.574111972805671,0.28071642892446785
294,77,1.374500217332919,Curry,25,13.23649861663779,0.5560948779043051
295,42,2.978063057706903,Bread,25,14.579915065921947,0.37816222421717827
296,23,16.198405622090597,Curry,9,2.4106119797955,0.5203793617233387
297,30,4.392348579032339,Vegetables,24,9.33005386037075,0.5866750033022172
298,57,13.40217604918562,Curry,41,17.631950299298747,0.19970590309962022
299,29,5.525472839887804,Rice,7,5.612885774678607,0.366339860628853
300,17,2.889386462427558,Bread,48,5.68230268356629,1.0105926823972384
301,16,5.620271628989627,Curry,37,1.2320839538475687,0.9003086557587989
302,76,14.723071705257524,Vegetables,13,11.062084311988823,0.3718313184310875
303,26,17.25823289401943,Vegetables,13,21.302890755488708,0.17911838087733828
304,42,16.77417742677284,Curry,8,2.1937217025081073,0.4950066491710254
305,57,8.546487062750643,Vegetables,39,5.39573031840806,0.39125992791377756
306,85,13.693617594842276,Fruits,21,8.131944381883367,0.3837985211537535
307,68,4.894701612900598,Fruits,38,17.829668940976898,0.2605487341866294
308,95,6.5698068749592515,Fruits,28,15.73461863445949,0.2210111863427593
309,31,18.030380551901274,Rice,36,10.566709805382667,0.46591311167155425
310,39,1.2470365467039848,Curry,5,18.45858560294264,0.36752919715493076
311,47,2.6246620862348937,Rice,12,15.021513268108745,0.37524512234700785
312,60,4.949838847774519,Vegetables,49,21.608938392116038,0.2935308201492654
313,63,1.5041118736025747,Rice,27,19.81461523018994,0.434717976243261
314,17,4.447273266706149,Vegetables,44,6.814712940051613,0.9383628137155086
315,36,12.077789658424152,Vegetables,16,7.243087285586605,0.47702851244705724
316,36,9.00706646125746,Bread,16,3.8831989432248695,0.45039292976451206
317,30,17.960762510462523,Fruits,19,8.7501886915015,0.4269684898551912
318,39,16.53142767303038,Vegetables,45,23.98951013053917,0.269789809642015
319,37,7.494529682259643,Bread,23,10.332276878146402,0.4243726967690474
320,73,5.9290452351945575,Fruits,30,6.071233997849447,0.4680989185586165
321,78,8.214155755178071,Vegetables,33,18.53710634293772,0.30388520206664243
322,70,12.215603907781347,Vegetables,26,13.47683307964109,0.2594329902969402
323,57,6.093209175634649,Rice,44,4.440833339119909,0.46973213260955216
324,28,12.858829249133546,Rice,25,9.755862666699912,0.4121870600230195
325,13,8.778821391633567,Fruits,42,10.532803457404896,0.9540346715417726
326,44,11.488896436187625,Vegetables,24,18.33808311309203,0.23943889068241073
327,73,9.286404053571017,Curry,33,1.4754414845138026,0.48551402391557624
328,58,6.594849431296436,Rice,8,7.187451876361141,0.31462387272947145
329,26,19.020612832280978,Fruits,11,12.904714930257008,0.3016309251581698
330,53,15.508510089035456,Vegetables,32,7.183475076415397,0.45904773680306127
331,39,3.6621503395625985,Vegetables,32,15.453983090636974,0.4310552268780785
332,55,17.500891542060344,Curry,8,12.082952023316182,0.2378978372645899
333,15,10.26119276674076,Fruits,26,9.319335861770355,0.6376582894990178
334,46,17.996492310987737,Vegetables,16,22.83179841802178,0.11830394563201521
335,33,16.197249862998987,Rice,49,15.53966848128852,0.4721556192218738
336,55,9.079056584915435,Curry,7,3.988651562162648,0.3438192128867573
337,62,1.4269168580822305,Fruits,26,13.882109041198095,0.5426934731033178
338,69,6.1048698283139755,Curry,48,18.956832623620723,0.2666748635437127
339,72,11.291050078556472,Rice,6,17.295263042334337,0.21586950164515625
340,94,13.036086176696799,Fruits,28,4.958052273790965,0.41427025174240745
341,41,5.899866023230843,Curry,38,23.365659977922377,0.30551029817589953
342,96,3.6477654073836585,Bread,31,11.322713852171937,0.3704385409317276
343,42,16.863674499186683,Rice,45,4.65757508602601,0.5470933938815115
344,76,19.70364143336749,Rice,5,5.144502344947402,0.42242956733764675
345,27,10.98811346375103,Rice,12,3.2594048203488515,0.4927852078426906
346,34,4.261906431117767,Bread,27,19.480916494003488,0.29227057306907006
347,63,6.17383920386801,Bread,42,3.8067013694025187,0.579526539713765
348,67,1.349422854401868,Vegetables,10,3.87788091426018,0.6349771826871021
349,76,18.371677324649482,Curry,26,20.560847139499266,0.1587978184042057
350,55,3.2372705749126816,Vegetables,29,8.925893942293872,0.5720842576397818
351,33,11.953813034770818,Curry,22,1.7097317990856662,0.46673581013816773
352,41,6.207049193056914,Bread,21,2.19359188892345,0.5215329231383288
353,56,11.529382047800075,Bread,16,4.269920274189598,0.44108506825905863
354,95,13.37698737868542,Vegetables,10,5.90804700344086,0.3907221971861183
355,32,16.765094270436833,Fruits,30,16.298362467483322,0.2776580265528191
356,75,4.9220041634514615,Vegetables,31,4.61850444004205,0.41016978782027874
357,36,1.2089207445111292,Curry,12,3.734110997072656,0.7898425850193774
358,11,3.600826971307338,Vegetables,23,18.58854025395442,0.5834376642762172
359,99,18.100354195113997,Rice,46,16.434271528778034,0.20300965711260216
360,26,17.60391147368779,Curry,5,11.012457093470433,0.35515529341861835
361,42,12.350848941235858,Curry,33,13.63412474404239,0.3657789981967611
362,18,12.409820348239414,Fruits,49,8.175632467507626,0.8442283522241143
363,52,13.635696816378854,Bread,39,12.097509665413295,0.3687196344595595
364,57,4.332054293845542,Curry,44,12.653470926603152,0.374630625628665
365,48,18.373826972574236,Bread,18,9.906457237096205,0.3654473240988579
366,51,8.95663997294939,Vegetables,39,21.851160845459745,0.25388729310529606
367,35,8.279632036740452,Rice,49,1.3694228945631415,0.7139221770572088
368,59,10.859436400373912,Fruits,24,18.989939051098663,0.19587512016245323
369,34,1.8923533687260459,Bread,17,3.8608051185504593,0.6324142771717746
370,33,4.159384006365508,Curry,42,19.34358929235559,0.47394455543123953
371,22,15.022638712101038,Bread,12,15.165974060564588,0.27588650230577877
372,69,2.573174690577403,Curry,47,20.395396091537254,0.3485555617431578
373,16,12.459890079861376,Bread,24,3.2428294897406413,0.7045505115214533
374,66,5.661633083945098,Curry,37,13.856554584294804,0.3622276753594079
375,45,8.396616666797554,Vegetables,30,12.525021246030533,0.4543350173506792
376,54,6.485180998643298,Curry,43,17.242443208157248,0.24549594728178598
377,29,7.757781612834034,Curry,25,13.288682693554543,0.4174922519015278
378,74,14.661872198500664,Rice,46,13.436895044061396,0.29237743008778894
379,17,6.645312596840325,Curry,47,10.880706702249487,0.7846845422302783
380,25,11.761688165641047,Rice,45,8.10319175216884,0.6361023172672131
381,23,10.044957641782894,Fruits,13,12.092080308800421,0.3540637511618587
382,85,13.609752141890315,Rice,28,3.7253242516732135,0.43813775875543753
383,96,18.799765047170403,Vegetables,41,23.11480679661095,0.045581437591292656
384,24,14.918869846994756,Rice,45,17.431447563411762,0.4842333648522378
385,75,5.083867193224378,Fruits,21,22.906743683820476,0.16696227763862265
386,41,1.5924795661644087,Vegetables,28,6.214729793589155,0.6403406304281877
387,96,5.983016841696677,Bread,25,21.224843464060147,0.10945265109688554
388,72,12.306480683304843,Bread,43,19.602169644961386,0.1124382014144211
389,95,1.9770904562007567,Rice,45,16.574505486526494,0.38765291240095195
390,60,10.43095869682349,Rice,43,15.375671279959732,0.2679380714346714
391,34,12.340014129420895,Fruits,17,8.28064230116101,0.34520752456879417
392,67,7.3506339255222555,Fruits,15,19.777448054195705,0.1559780453258231
393,72,15.647331871170616,Curry,23,12.534855614033878,0.25054664850927905
394,71,3.0253668095416644,Fruits,15,2.6305062454995634,0.4723152282836584
395,31,2.4276178529803665,Curry,17,8.19585269966799,0.43205837541741354
396,67,14.835586367868464,Vegetables,49,22.511833266542535,0.2131491977123551
397,67,10.41433500791777,Rice,5,20.565645993911463,0.14821456461079746
398,95,14.079645532126985,Vegetables,44,23.5838310557604,0.10814028520208484
399,58,9.261719433471178,Fruits,48,15.443847799894256,0.3380195180851535
400,61,5.681638631543029,Vegetables,23,6.692731682229475,0.4344070585827559
401,51,16.562944035809792,Vegetables,16,4.744746142567867,0.4867554704275108
402,79,16.188901700410604,Vegetables,12,5.299032133994618,0.2883854400930894
403,24,14.199232946234108,Fruits,12,1.455300141986851,0.4831910471367951
404,63,6.170757607369291,Vegetables,49,9.985688552676601,0.3678506271186401
405,69,12.214382670512656,Curry,16,5.402836651489478,0.40719373506409356
406,17,7.858504041860509,Fruits,37,10.468075590504156,0.7045285443089868
407,62,2.7400593932060486,Vegetables,49,22.504871932291604,0.3391151600017228
408,69,18.428957933782613,Fruits,30,10.90242481866537,0.3346105406925469
409,14,3.5995539874602667,Bread,43,21.1936434306512,0.8217186150959668
410,77,19.054509722595245,Curry,32,14.926609632165158,0.28223910992068163
411,15,9.474109686201158,Vegetables,9,6.684025757212014,0.4923452946477338
412,56,4.517525647933773,Bread,12,9.184659462961863,0.3250467969170262
413,64,11.296118000188805,Bread,29,2.9301493238928766,0.5368581161526002
414,49,17.585970881651757,Fruits,31,8.669639652708241,0.3686638843515232
415,61,14.912272841781663,Bread,27,16.583441746581283,0.2057139608063128
416,25,16.324661809367544,Curry,34,2.658555137377009,0.6657356812713877
417,22,13.51688396750363,Curry,49,5.724232394994675,0.7947392045555502
418,39,14.153254725839197,Rice,27,9.773143952506164,0.3502450163222034
419,28,17.134717379741065,Curry,24,23.58713935136714,0.1929900353688591
420,26,5.743692168324533,Bread,22,19.051821928054245,0.395753784839106
421,72,10.29907430921967,Curry,22,17.87019516931839,0.12869613885848458
422,28,5.202979394572442,Fruits,6,3.6723920000852575,0.5327905998500282
423,67,19.765692151936292,Rice,8,18.962905553144804,0.11598433395487112
424,64,18.93712745404565,Bread,34,19.061182664868348,0.09279840832233785
425,99,1.749109416001612,Rice,37,14.82536199935955,0.3880093303906501
426,99,14.40592827779808,Bread,40,23.77832098596255,0.06409520091798368
427,71,18.579718030897652,Fruits,22,8.480839836264694,0.3109568873591094
428,32,4.430931557419337,Rice,41,22.649266309562588,0.3638010357048264
429,18,11.79095938049996,Vegetables,23,22.038815643999584,0.18699225132750333
430,21,18.394277654172797,Bread,32,1.2640551742356902,0.7147804314921148
431,10,1.644973593130178,Vegetables,44,11.352680108920653,1.2811991371411207
432,67,14.250985077689958,Rice,24,23.473397360186187,0.17801286541876288
433,10,6.649631140078465,Vegetables,37,3.371791335385743,1.1304483542317383
434,43,18.563527712154077,Vegetables,16,13.599047970816347,0.3164577422893239
435,57,19.450106658141987,Rice,19,23.516022661945392,0.15081584455429686
436,98,18.941063293155246,Fruits,45,13.776394754434785,0.3375119562341993
437,10,10.010070116491812,Vegetables,43,5.365751968359588,1.182210223435341
438,25,17.378810368796955,Vegetables,6,14.390214292129565,0.20221962241129993
439,70,17.046438572166338,Fruits,33,5.702133200839578,0.4114668079983341
440,73,7.062908991621857,Vegetables,45,12.953198046573137,0.39584679434736575
441,72,16.749394008862872,Vegetables,14,2.702971011984004,0.3921860695469428
442,78,1.7031450595943598,Vegetables,6,14.926101391931306,0.3955127542914813
443,31,12.329127691159007,Curry,15,12.886168599947638,0.32812790329956926
444,76,5.370167908466358,Fruits,17,18.02371148151365,0.17358262115617634
445,85,3.2907708297682974,Vegetables,14,15.506110836652056,0.24765264954281216
446,35,2.462110830954974,Fruits,18,13.640944176207404,0.4300571026427177
447,25,14.229486741684655,Bread,22,16.864913532706787,0.32173768999894226
448,60,7.457624311593257,Bread,13,4.310664012161309,0.44681959095582535
449,95,14.770568659046468,Vegetables,43,14.693272208947894,0.30631365456479875
450,66,2.241770475179905,Fruits,32,4.958543864923887,0.537804557035021
451,38,6.9905164187815965,Fruits,7,22.28701078059326,0.08200805814843998
452,87,11.250334555131406,Fruits,24,2.5716844114488966,0.3993278907850377
453,78,16.023740131940308,Curry,10,10.898619242888245,0.33958270267322316
454,56,7.056297555709328,Bread,31,17.00334198607523,0.2779986749841159
455,71,12.891936152303172,Fruits,6,11.534510868369951,0.2564931725532279
456,78,17.833577216487555,Fruits,33,3.118190824356754,0.45796385554523017
457,85,12.701400575463786,Curry,42,13.72771737091427,0.26573732915168724
458,25,5.426230020319042,Curry,7,15.757533903029154,0.34530391602416216
459,99,1.4636148495742223,Fruits,20,17.187223152781677,0.4477975965881492
460,99,17.53187860411767,Rice,34,9.584975732643455,0.3337323808385082
461,57,1.4041188061573555,Fruits,44,13.96417933366153,0.5512630003705654
462,94,17.61933178099979,Fruits,6,11.365788923595002,0.1879418540276495
463,48,11.049805546517028,Curry,21,16.45728889130183,0.23396620728238673
464,42,18.842286271745028,Curry,45,14.421810248470827,0.36015146680821564
465,32,16.17688147969964,Fruits,16,13.092393049860101,0.25314787654824183
466,19,19.96074810013341,Fruits,39,6.7390604372797185,0.6997000699431698
467,78,7.663524493582493,Fruits,47,1.04642590820938,0.5444462925150817
468,43,15.576577489691411,Curry,5,5.003878532162873,0.3726266915094111
469,61,8.636687358575601,Fruits,49,3.6925189527558793,0.5202318350453671
470,19,10.117636785774268,Fruits,19,11.328949135251776,0.4003390702092271
471,28,12.922603801149032,Vegetables,30,15.081937467522426,0.3452275597073374
472,67,17.599865169540436,Rice,41,5.900955199750588,0.5074148896718131
473,10,19.697585914786607,Bread,25,22.598313207245305,0.48108061923117673
474,78,15.597194863425846,Rice,35,1.153688972149419,0.5143201922707099
475,13,8.937568861179342,Vegetables,29,18.762923348802886,0.6041706734258998
476,25,9.005783043264334,Bread,27,15.379709699200172,0.39802363576625743
477,33,15.014063730188939,Fruits,28,9.591760424096684,0.524867436781591
478,89,5.536765769597745,Vegetables,42,2.161245721485382,0.5556915521287527
479,11,3.0990081494964983,Fruits,32,15.432191151038426,0.9458337037604805
480,41,7.737820995174754,Curry,25,9.869110795909904,0.3766069792494756
481,93,6.457540841427553,Vegetables,47,22.534144206504042,0.15575201302342256
482,33,6.629854288663812,Curry,22,13.465771722464616,0.39561381357377606
483,21,5.438547269948289,Vegetables,40,22.61198475975069,0.4645617391664082
484,59,1.7997706030908758,Vegetables,39,6.071124949885994,0.7375517916816784
485,44,1.3396047599348624,Curry,49,17.691695938374377,0.6435462279498749
486,42,19.766725404984598,Bread,13,15.19672747952069,0.17663328714323123
487,42,9.127689540981384,Rice,42,18.00638928612017,0.2568753914217621
488,70,8.302206296033951,Fruits,34,5.937360871368346,0.4424548769470609
489,60,13.913298371168327,Vegetables,48,16.294873873468795,0.31271208559621083
490,52,5.146823869436219,Fruits,38,12.454929040307986,0.4319778250428052
491,21,19.049262495054283,Curry,36,18.084974422845274,0.5229736194197052
492,76,15.94055527389549,Fruits,7,8.52202681549181,0.3554361663299868
493,74,2.698809043932931,Curry,7,21.47131158570081,0.18033219857599816
494,42,8.934034739913638,Fruits,32,2.9389302360610587,0.48348041574205325
495,49,17.70324784368113,Rice,48,19.565354332197327,0.23071779578688204
496,83,18.949908423536794,Rice,19,20.810351393747087,0.08321213879421704
497,52,9.880628713747525,Rice,45,19.796803161436888,0.26527688012556383
498,53,12.654816395003447,Rice,27,12.792707068020848,0.33553663358140406
499,38,4.173644975749429,Rice,44,11.08285454070751,0.5026558137608181
500,22,19.832203896602554,Rice,15,23.914032590072168,0.17198524087568084
501,21,5.401762326285424,Curry,36,6.270954877925728,0.7304931429072176
502,55,18.911903708567387,Vegetables,40,13.578147215149025,0.34746998590499467
503,11,13.343286330855001,Fruits,37,16.425537083793486,0.7725147939399263
504,44,12.546999102698324,Rice,28,17.119955624812935,0.29721160277609415
505,96,10.741081709313663,Curry,43,5.69256731198731,0.5360108900124719
506,90,5.382726422637415,Curry,38,16.04186412381543,0.3036866671226929
507,99,4.3540326081046565,Curry,32,19.822500029070756,0.07848656634819637
508,17,5.1892379723333315,Vegetables,41,2.150427266885581,0.9856390740167416
509,35,4.542326980740835,Fruits,11,21.96498974648228,0.1496971829243962
510,83,15.812104997768312,Vegetables,8,1.6785932683397364,0.5298832631044312
511,99,7.652379924167872,Bread,41,9.18733374723307,0.38779554630507235
512,43,2.099010854704531,Curry,5,1.3637035133581277,0.5068583385144456
513,16,19.412949972675417,Bread,5,2.7743388764103827,0.3336309467218926
514,77,17.791931814305087,Rice,24,21.95687055914182,0.19585895836752165
515,67,18.627293380709048,Rice,23,9.1617991071614,0.3927291798203796
516,84,19.90324863028227,Vegetables,33,10.769745199776217,0.43047384121644294
517,38,4.304009735170259,Fruits,14,5.952920771798711,0.4679516813700692
518,45,8.528598359150516,Bread,22,14.733202714294555,0.2962989294676662
519,98,15.406531038377734,Fruits,32,14.680473937589161,0.2274586324451584
520,30,14.224391743022052,Vegetables,39,9.560609011980043,0.4958627147462731
521,45,3.924022220457246,Rice,47,8.659802051524164,0.5468735989236072
522,19,16.500829374821738,Fruits,35,21.35417908815352,0.4476324402000278
523,82,5.264370864896552,Fruits,31,9.815537511770632,0.3458049136357251
524,33,5.252534681629839,Rice,15,12.35052281955139,0.277756286018892
525,73,11.202514034974858,Bread,42,7.516009535773405,0.43350177007537904
526,58,12.26585876199236,Rice,9,19.09569857721393,0.102073903331215
527,45,12.021637948918412,Fruits,12,10.141307608679108,0.1556129897127637
528,91,2.7382499105573426,Bread,38,12.813054070519465,0.4436726565451199
529,33,17.671756389977226,Bread,16,6.827214911372212,0.3504148182236765
530,32,6.046400809185415,Rice,42,23.71617062384879,0.3664750209617412
531,71,3.4607835043732793,Fruits,5,7.704402041245626,0.4331509752546927
532,46,17.886213517510566,Vegetables,35,18.72707821082769,0.2765990364717699
533,21,19.157378466365316,Fruits,8,10.83239995820546,0.44137105245355646
534,64,17.38042472804356,Curry,49,5.743000316935217,0.47352013285626177
535,22,16.380805419772685,Vegetables,9,19.393531571191808,0.1687295009805652
536,32,13.449597632141412,Bread,34,8.672956147667993,0.5318750186113256
537,98,11.466290041573647,Vegetables,28,20.899446990149656,0.14093123926573523
538,39,2.6527484383167925,Bread,7,22.05091525310993,0.27719386655223316
539,26,8.760611048343275,Bread,15,20.775948213999346,0.1513374319865921
540,71,8.081081823233966,Vegetables,49,1.80518204055653,0.4948314025116133
541,93,5.935321891446198,Bread,8,19.109586935117427,0.2043948035648945
542,98,14.744982160083113,Bread,30,10.46080772948031,0.25576502010529945
543,95,10.421638966496646,Curry,31,21.09562716419118,0.18250598100635398
544,22,2.5398781022453107,Fruits,47,15.672948041748992,0.7420449418866847
545,68,5.183480837046416,Fruits,31,20.173792085311042,0.19739041020490494
546,28,13.981916509532322,Curry,46,12.486930706937214,0.5674228061859615
547,58,2.4464863303157034,Vegetables,10,13.305586605775455,0.31449314905986964
548,21,17.172931366926605,Rice,19,4.320915539074346,0.4822345963140219
549,70,10.407784013265513,Rice,34,19.031709249855176,0.20652108901814015
550,28,10.131144969206312,Rice,46,10.645961068340348,0.5945673457224523
551,85,12.255747908530834,Curry,41,12.5018427202464,0.3055623630864509
552,18,16.668938352577833,Curry,41,19.057247424201275,0.5835872925639558
553,80,7.608374950141668,Bread,46,14.773444201827097,0.3407728952414871
554,37,13.882306898622208,Rice,41,5.625270731181351,0.6331491047387857
555,87,11.74890731592003,Vegetables,39,14.575351160470532,0.27601410496774337
556,61,6.073537133219006,Vegetables,27,10.375555733532082,0.44118631326651864
557,92,17.693969740748003,Rice,10,11.79908746700884,0.2937305202445643
558,25,16.151094410531634,Rice,8,1.6511593112613592,0.5759456658826565
559,78,13.510584858510084,Rice,22,5.830675038874477,0.38247585441703474
560,21,17.161052852790597,Curry,13,7.4638758717636495,0.401702249750755
561,34,17.478589818236244,Curry,33,17.398080180752533,0.3899194965891949
562,61,14.45889655758566,Curry,17,1.264326885856652,0.4816018471173279
563,94,16.90325323890977,Fruits,21,10.401877008270038,0.35906327883118905
564,62,14.25195777171639,Vegetables,49,22.252618019791853,0.25109380850941804
565,32,13.922674663445708,Vegetables,36,3.5732541806298483,0.48883777091235164
566,25,12.753616186088502,Bread,26,12.877760929028053,0.443550393618129
567,66,15.301616151595184,Curry,8,19.090014794989482,0.14777733544137608
568,48,4.0134970005684005,Fruits,9,22.678220072962684,0.16584872028715764
569,62,17.73654442477964,Fruits,41,18.175862709275513,0.24526717393801786
570,51,17.56502702715941,Vegetables,45,17.57300761882134,0.2267524755582687
571,67,1.5556983776566238,Curry,17,20.009226074502536,0.4180872632195296
572,48,16.690518260730492,Bread,38,11.262628082483504,0.41327698948375635
573,23,3.448527481995459,Curry,49,19.53442425021016,0.6716025900113877
574,14,7.367258230923696,Rice,26,1.1831813091453758,0.7290653892778873
575,44,15.126656869540547,Curry,27,22.264904273666513,0.20344564355882744
576,96,4.0544380249178555,Rice,7,11.196049718895033,0.3149068603618722
577,84,16.541373458262182,Rice,46,13.727744320912194,0.31209926017269807
578,27,16.8105493811971,Bread,38,6.862291725042294,0.5797465532765753
579,85,10.641886941455887,Vegetables,36,18.07820915532969,0.2481701118771007
580,18,1.121331562619838,Curry,49,2.7626235489307227,1.2469758185068642
581,83,6.453724530323343,Rice,25,21.07062345857721,0.11844787386296049
582,67,12.721611449139102,Curry,48,20.046687067145882,0.24493595945046504
583,26,19.642537382521045,Vegetables,25,5.969382673629627,0.5024732220864802
584,16,13.0044570133167,Vegetables,48,19.614461160561035,0.6996813181749959
585,55,5.936268040219036,Fruits,15,19.086227860414073,0.04443348515987017
586,22,13.046108358892615,Vegetables,43,15.540981748340828,0.5966850168757861
587,49,11.259722214601254,Bread,8,9.590964068692813,0.2925953342998403
588,51,15.817062507871729,Rice,5,7.24447134618296,0.25674812114029216
589,18,3.0326321377122096,Fruits,32,6.331022576655051,0.8280653104546501
590,59,15.459530147538532,Bread,28,8.328006143562966,0.4138074457979458
591,36,11.284064994846096,Curry,39,21.781844198948196,0.27271813857036853
592,75,19.2968480733209,Rice,17,2.785737847741969,0.3620246740923082
593,14,7.495571154735035,Vegetables,38,20.06403935381805,0.6707228696468526
594,38,13.019815969545014,Rice,15,9.024471725961941,0.3654172110009394
595,46,18.708534004690332,Curry,40,12.996786108261238,0.4248972728135669
596,47,2.947684831822906,Fruits,21,19.273169573915286,0.28165515133974717
597,92,18.80734125749257,Fruits,39,21.34066058152834,0.21011932971850045
598,17,14.069828723715453,Fruits,22,8.929972661670881,0.5114076297893456
599,74,2.2889041229982663,Vegetables,44,11.622400069327538,0.43267678030246814
600,95,6.718307771989509,Bread,26,10.533869490786222,0.28209701538219567
601,26,14.455269684260351,Bread,28,1.3047737705899425,0.6181893784381157
602,80,2.279661427906662,Rice,23,7.806686443749102,0.4995774862015364
603,98,12.061238743349191,Vegetables,41,11.561352375848921,0.3405414095645299
604,54,7.571778082106178,Fruits,43,10.455153004250114,0.43331575768836933
605,13,12.797394837582065,Fruits,25,17.604372232860626,0.5713314680921566
606,45,1.869098642437744,Curry,12,9.850483196085374,0.49011080512500454
607,79,17.55919931689515,Curry,32,12.255658326325415,0.19971795486215504
608,40,19.49629041437054,Fruits,9,10.880997619044358,0.2781119287743154
609,28,19.40867925042814,Fruits,21,18.03440142457052,0.16969704494829002
610,70,15.24338480311557,Vegetables,41,20.84836517670014,0.2094805443074632
611,63,3.471638562482007,Bread,40,13.233448817172825,0.47450566433214775
612,48,15.407000722651429,Curry,23,19.156940466489395,0.15320199165599543
613,83,1.4671514127172287,Bread,31,7.826093686456564,0.6878288985066899
614,99,1.4203474790509478,Vegetables,38,13.45150103361718,0.5763387822395424
615,28,7.148594163841284,Fruits,15,8.940288934409367,0.47441710719237107
616,48,10.28422061768865,Bread,49,10.526621288152096,0.47709570841759524
617,76,15.63774093834807,Fruits,16,17.845518890691377,0.12062083177988198
618,54,13.982612155523599,Fruits,25,21.278237093652393,0.20560303718468648
619,22,9.472151421158218,Rice,15,3.7943939950186047,0.48412274575643044
620,67,6.1989066593516515,Bread,43,15.596702899209753,0.33883489409306783
621,29,19.945365502996513,Bread,32,14.389307574289365,0.3923550967796437
622,81,9.097444742483486,Fruits,9,3.723545901046433,0.46036630688266394
623,70,9.576353462263834,Vegetables,21,5.873569600122509,0.4403930762631479
624,48,4.108852602641715,Rice,24,8.153057378851646,0.4574381990320333
625,10,16.101381426248658,Fruits,45,4.839414628802533,1.1466053187743517
626,12,14.179962289848284,Curry,16,6.6057780980598615,0.5530178114349922
627,86,5.194622642986447,Curry,10,7.154818373819273,0.4162226615001458
628,71,2.5652398667010115,Rice,21,8.720498159898371,0.48374964381842667
629,72,13.929486739419549,Vegetables,23,18.235980414426656,0.11351084691386082
630,34,13.435713071341569,Fruits,30,14.153980688563816,0.28001291235242654
631,65,6.191931012965977,Bread,48,23.683673454882236,0.22734007722094138
632,42,19.066407682757795,Rice,48,10.538924020251834,0.421049142457223
633,47,3.870099943837104,Vegetables,36,18.338896698249275,0.3028598919315367
634,15,9.214361219809437,Bread,10,21.043773691660277,0.2596446552350867
635,67,18.928702483184377,Curry,40,16.616505339874962,0.3237050975926575
636,53,8.974819021596325,Curry,42,10.472889029602408,0.39097645804240905
637,54,13.131993005617625,Bread,15,18.332676507152318,0.17823289311812998
638,41,8.554293561293091,Rice,37,5.6843441687717515,0.528796546246089
639,54,6.210088844624731,Curry,28,8.533699799143045,0.41767648529487217
640,70,19.695575311236738,Fruits,27,13.573760867283642,0.27325256319202423
641,56,8.777346119985818,Bread,19,14.234415907581411,0.3140136854271133
642,30,17.987884869903553,Bread,31,1.5092539358704775,0.5700534063123847
643,89,5.369137511930638,Curry,15,22.7376263413882,0.052983410730874966
644,94,5.048989376476583,Rice,21,17.02242723799997,0.32469800243958824
645,84,1.5915475748057157,Fruits,18,12.401186255333494,0.5419695068859331
646,45,13.381669682141816,Rice,31,22.461926391391092,0.13812208041776447
647,28,8.002000530751461,Vegetables,22,11.099198000769055,0.4289253240441844
648,29,17.422806746953103,Vegetables,32,23.55001811621855,0.30168287487135215
649,66,9.990988227139585,Curry,8,12.782549416600157,0.28868821079761964
650,27,19.395675130379715,Curry,11,3.6285727099535277,0.46472908939555657
651,56,4.524984798359302,Curry,49,18.590422366563377,0.3450463696710874
652,58,17.503840191156605,Vegetables,39,16.614647676790334,0.3667892884582945
653,23,15.755340203043094,Rice,13,18.778694590028497,0.23649639597161884
654,24,15.647515048236988,Rice,12,22.883166660690666,0.1184290904461287
655,40,17.050881334220865,Curry,49,18.859253960973415,0.39769208501683284
656,10,15.45945582791698,Fruits,21,15.060741850982879,0.5996646998666758
657,63,12.898186110996892,Rice,21,20.71810475429934,0.16986691972358411
658,12,3.4936526759653637,Vegetables,37,16.484668105154228,0.8665730087255016
659,25,1.6179974103337864,Bread,36,10.38673830699623,0.7869456578827236
660,96,18.49610910849805,Bread,12,21.369254577560785,0.04154911437507647
661,66,12.716355975894023,Bread,23,6.103710598040576,0.3268686926345473
662,84,16.13420852854735,Fruits,42,17.436749322900656,0.3058861909666372
663,21,10.148924678738451,Curry,7,21.27595946363741,0.16395961289247524
664,83,3.228855590285495,Vegetables,9,17.820279953175813,0.2871073467666295
665,25,3.3785300518484584,Fruits,17,17.037334638238708,0.2824511463166739
666,81,14.025740457350455,Vegetables,35,18.31068076365223,0.26309488922788293
667,85,9.175812003089792,Vegetables,20,11.69627071091482,0.2696395682816801
668,33,4.8099698073063974,Curry,36,21.1059256896116,0.30926608684596923
669,37,10.340296388087301,Bread,26,5.6790389281300975,0.4814048440568324
670,17,2.2199698044275475,Curry,33,3.9298875680078034,0.8540207884109708
671,45,12.057456636373576,Fruits,26,7.566701942725766,0.4225317637046955
672,99,6.1108746842668555,Fruits,47,13.226280125824843,0.33315165336156577
673,17,16.153622912106577,Fruits,7,12.742921294414776,0.34775296183397636
674,67,6.896877219547902,Curry,14,19.873771426561493,0.24422600881986145
675,69,9.649182832554223,Vegetables,46,10.305079097292401,0.477112092261744
676,59,1.220790258253912,Vegetables,25,12.139921804704699,0.49684459567832456
677,37,2.3764908680966186,Rice,20,1.3074567149660996,0.6078742167125757
678,50,8.457377571727012,Fruits,16,10.4240024381876,0.22381827251135844
679,73,10.118837859625346,Vegetables,6,15.898807357857867,0.13131135100511512
680,36,12.40039041426677,Rice,45,1.3566916044116202,0.6271696116168651
681,72,6.541588995476761,Vegetables,28,7.460285199283606,0.43511499471918397
682,26,14.204655836404308,Fruits,39,5.782996263655969,0.6057798483880793
683,82,17.342325546594886,Bread,34,1.9656648649205293,0.4486272020417842
684,42,15.817168788973646,Fruits,34,12.022982068034363,0.39589893747787464
685,93,1.7527576816187858,Curry,39,5.1796357442476,0.5402900313580553
686,86,10.12963199789875,Vegetables,23,18.090875411521743,0.14953223202245886
687,38,2.9936733899453225,Vegetables,12,20.502341326557016,0.22988948490330946
688,22,5.598855301388022,Curry,30,13.548459201390399,0.5082426951005279
689,55,19.74658927207578,Curry,44,23.579268877986255,0.19111654766123157
690,44,3.707415315128751,Bread,11,11.361007143823693,0.4435742481868557
691,15,10.478874915575766,Vegetables,34,12.807468835173058,0.7234643643728145
692,91,12.744958952044263,Vegetables,11,23.752008341028255,0.021228475155878432
693,78,14.346834440337975,Bread,7,6.3256140271961225,0.3273360793706996
694,56,11.633324986251369,Rice,5,22.67855661256882,0.0577932212854442
695,34,1.1856461009644894,Bread,40,1.9852637677396046,0.9138675604128625
696,75,7.202764856635846,Fruits,29,11.26689847605348,0.35871171333122903
697,19,10.836521224309518,Vegetables,41,2.610080779060513,0.732000838283733
698,65,2.6694634837518336,Curry,5,17.77239908701379,0.3130565272000301
699,39,7.661911692974434,Fruits,19,14.993405525240409,0.3844296369989652
700,14,1.6308590670359648,Vegetables,41,17.252588059754718,0.9299486317448674
701,42,2.4929914459453943,Bread,17,9.61304919926439,0.4667164815043466
702,74,8.541542247830325,Fruits,44,9.498084482721747,0.415299673656773
703,27,3.521599326818147,Vegetables,12,2.042343416100576,0.6194038867262414
704,58,11.783276116969605,Rice,9,9.048733609181715,0.2979539866998047
705,20,14.099834413608049,Rice,13,22.373633252027368,0.23217249825650754
706,94,16.211147283072574,Curry,5,9.722210355150326,0.2977005717305963
707,35,4.8028546406513914,Vegetables,40,20.12145724310531,0.4945781831095314
708,72,4.182169062922325,Rice,39,20.373486609248484,0.24798627118260444
709,98,2.986788966353605,Bread,6,9.584546596722378,0.2876255197659742
710,95,13.092174741329098,Vegetables,44,15.535739649112347,0.19260823044146583
711,68,14.423038803251123,Bread,27,3.1935468522803485,0.45451580233657346
712,36,1.6001367516871987,Bread,13,3.3846073568883592,0.7171848386834447
713,58,18.788032678630106,Rice,38,2.119126264219406,0.48438040286116796
714,86,1.9874543893779757,Vegetables,18,14.363347147627518,0.39218720385106987
715,42,11.28463037072034,Fruits,8,10.799632485400231,0.32778994256606403
716,10,14.472149869567412,Rice,34,13.604744203277523,0.8326319268853528
717,30,17.548413351175626,Rice,35,12.984683381692921,0.4091525572232038
718,64,14.567651710516127,Vegetables,42,9.054668795086796,0.34941061646514243
719,15,16.232833578326044,Vegetables,15,16.58188854093988,0.4071880113166078
720,90,7.449553658313315,Bread,39,18.445543261076985,0.31001907833117504
721,78,16.481677161183732,Vegetables,12,1.3364499541865413,0.353793690169786
722,14,2.5221820813088276,Bread,7,5.766572894684201,0.555374009164898
723,12,18.001516465150026,Rice,18,17.404424965916746,0.5025095495220404
724,62,11.404255146920988,Curry,17,9.892263970578187,0.3449770300775995
725,32,16.52865762928738,Fruits,49,16.237130779656987,0.43536958439375084
726,62,9.594047405847702,Rice,36,8.980141173894843,0.33084442532119557
727,46,13.227976208733974,Vegetables,38,9.987368503581653,0.4866474187644359
728,83,11.001650557786151,Fruits,49,4.649614094862753,0.4949626624490117
729,83,14.900200913351306,Curry,23,6.939313452321681,0.2929624187535799
730,92,2.550969658581202,Curry,42,14.924470422674506,0.4588608462241632
731,26,2.146689595820712,Bread,20,10.962751560248826,0.477446863200911
732,94,5.694961446192782,Fruits,6,18.80896170772569,0.1584964801450617
733,87,4.0313489221505785,Bread,44,20.609453963581885,0.24365016212655832
734,82,17.56388776525183,Rice,21,13.457867618985476,0.33061478612840045
735,10,5.165065759802842,Fruits,38,18.44014771728936,0.9170552460066097
736,60,19.541439860563496,Rice,46,8.058803803475111,0.4262571230220804
737,54,7.40102004365103,Bread,20,10.544337954201799,0.2842277949940235
738,86,4.460240398085286,Fruits,42,17.393886552987112,0.26543769018766084
739,13,16.004271635707106,Bread,6,9.882875834791705,0.31172164936778485
740,71,13.515447734516647,Fruits,6,14.535613508656743,0.16597582889482987
741,74,10.46571861260964,Bread,30,5.263573918897764,0.4318890977625785
742,41,11.551907467814994,Curry,17,14.794740244321453,0.14926532204408793
743,43,14.664833787173013,Bread,35,20.814815266218552,0.16764173357896278
744,81,5.340640085294676,Curry,38,20.97871171593879,0.21352841092655872
745,48,19.930344405078095,Bread,43,17.659921345579413,0.31096727743341507
746,35,19.52107008078888,Fruits,7,18.1523277187509,0.14628024474079207
747,43,13.356188040591801,Fruits,12,13.832331238466116,0.25318403992700445
748,63,4.791306567653757,Fruits,27,14.44736607381397,0.3079535552920092
749,12,13.924336606194535,Vegetables,18,4.073963372441914,0.6599020630341471
750,59,2.371769770604341,Rice,31,11.208761333689926,0.5086296013916924
751,21,1.5823975419103151,Fruits,33,11.367854529386367,0.7989591376829182
752,74,5.89597488171306,Curry,43,23.045450220358024,0.16552035281936012
753,63,9.78983617804701,Fruits,43,10.914997840335657,0.44120474491414635
754,14,17.49717760275923,Vegetables,5,13.634880832763425,0.2748968221225233
755,66,14.816212325559853,Curry,21,13.264782183419356,0.33116481167326745
756,26,15.11142390279964,Vegetables,45,15.645519492019524,0.5835088498368936
757,56,9.084373354513431,Curry,34,18.209355120633607,0.18983463907178433
758,32,7.572764858392295,Bread,17,6.175963151930059,0.41318677014366967
759,88,8.049736496707451,Rice,25,13.16066163926402,0.32784229071012383
760,94,19.765341710985098,Rice,23,19.996107268268698,0.052660538936691745
761,23,1.7620746368371671,Vegetables,23,11.651638418262763,0.7038200147093929
762,75,17.47359842632652,Rice,29,7.404523566592179,0.35962217613084974
763,84,11.994832762875475,Vegetables,26,16.058308733194878,0.25636562772671856
764,60,9.33369296460222,Vegetables,35,19.946650103379827,0.22125845668666347
765,47,14.779895547887593,Vegetables,21,2.45222673733,0.40593557083823756
766,73,10.246709887069354,Rice,27,18.866181118366224,0.251350401446935
767,47,17.59504152355155,Vegetables,36,19.897902458120736,0.38182961077621075
768,59,18.11333541621391,Rice,14,11.615027334537956,0.25020660183043125
769,91,9.012697610595653,Vegetables,14,23.61603010682475,0.06543262998252589
770,39,6.25972814746598,Fruits,40,19.09429183626811,0.21833556927572
771,88,12.254656243273882,Vegetables,12,18.794238992600313,0.21425121036523162
772,60,18.334903566717127,Curry,24,18.20028721147765,0.24406645922152914
773,72,5.002581591107665,Vegetables,36,4.463986374020302,0.41888974985494803
774,61,12.836365087706174,Bread,18,5.996310388419248,0.28699508343117386
775,47,12.99964418175789,Vegetables,32,11.671773023681776,0.27494917117863427
776,97,14.929147425890338,Curry,28,7.072100049067715,0.39891530547581794
777,88,3.4997860174179363,Curry,19,10.550542363682931,0.41888171833374876
778,39,14.600674328959682,Rice,26,21.434674528227177,0.15731805558192277
779,60,18.27161789264718,Fruits,34,19.95951851322319,0.22752956938620206
780,90,4.413979068534598,Vegetables,8,15.49091720503959,0.2581608622935914
781,14,5.513323173553675,Rice,17,20.73676906777538,0.35143236398193023
782,38,19.456506786791152,Fruits,27,19.02676494739673,0.2940610303861022
783,13,4.438562101480306,Vegetables,12,10.866653432340481,0.43337698932411045
784,19,17.233316774022004,Bread,22,5.624498497148738,0.6184251204534823
785,65,10.353279272512662,Vegetables,16,12.826623920214802,0.23766272812282113
786,26,5.697390413660364,Curry,35,17.933264298156654,0.529627446209808
787,83,17.544248124177717,Curry,18,11.037650770780639,0.23194684177115057
788,26,9.460799845050644,Bread,38,16.335753925029636,0.4447462462980038
789,93,10.781529724664114,Rice,22,3.1695308046940034,0.4345161581081122
790,97,7.825434018595548,Fruits,38,18.20410893654228,0.22868000296184024
791,78,12.266066177263621,Vegetables,15,19.692413257540426,0.1674063678886273
792,43,4.106953579115433,Curry,45,17.257270682952445,0.3547928194610659
793,15,8.430549196383453,Rice,16,23.247062513106407,0.27146316481492316
794,62,19.418834124370463,Bread,19,20.012997321594728,0.15524551151913463
795,75,5.9045352213214235,Curry,35,21.77115574116038,0.17183836263830207
796,86,13.477996626284552,Bread,33,22.472134919525907,0.15208953612378795
797,52,7.178611220269203,Vegetables,30,19.431003813097597,0.17993714032465377
798,84,15.695989388045412,Fruits,22,16.50795336614948,0.1864099188517522
799,32,3.486599553648647,Curry,36,1.1315273712981537,0.683206965884878
